latitude,longitude,name
46.08705418,122.0714551,中国银行乌兰浩特分行营业部
46.06024269,125.984803,中国银行肇东翔龙城支行
46.00930592,125.8497312,中国银行肇东支行营业部
45.99251471,126.6154996,中国银行哈尔滨呼兰支行营业部
45.98612758,126.6039348,中国银行哈尔滨码头路支行
45.87911151,126.5549832,中国银行哈尔滨学院路支行
45.85159171,123.2100674,中国银行镇赉支行
45.78300892,126.624694,中国银行哈尔滨金谷大厦支行
45.78273124,126.6756153,中国银行哈尔滨南通大街支行
45.77975754,126.6305141,中国银行哈尔滨中银大厦支行营业部
45.7781825,126.6275359,中国银行哈尔滨西十道街支行
45.77661507,131.0203493,中国银行七台河分行营业部
45.77407034,126.6335903,中国银行哈尔滨兆麟支行营业部
45.77325964,126.6038358,中国银行哈尔滨松北支行营业部
45.77299009,132.9770314,中国银行虎林支行营业部
45.77174554,126.6745482,中国银行哈尔滨宽城街支行
45.76993384,126.6567331,中国银行哈尔滨南岗支行营业部
45.76984671,126.6768221,中国银行哈尔滨道外支行营业部
45.76442789,126.614535,中国银行哈尔滨安发街支行
45.7616199,126.652961,中国银行黑龙江省分行营业部
45.7593528,130.5791809,中国银行勃利支行营业部
45.7593517,126.6812474,中国银行哈尔滨宣庆支行
45.75571677,126.7102081,中国银行哈尔滨会展中心支行
45.75571326,126.6628433,中国银行哈尔滨中山路支行
45.75553154,126.5912327,中国银行哈尔滨财智时代支行
45.7538864,126.6970548,中国银行哈尔滨开发区支行营业部
45.75123217,126.6805506,中国银行哈尔滨鸿翔路支行
45.74864826,126.6074444,中国银行哈尔滨欧洲新城支行
45.74315013,126.6749992,中国银行哈尔滨动力支行营业部
45.73335068,126.6365473,中国银行哈尔滨丽麓支行
45.71896021,126.6194969,中国银行哈尔滨理工大学支行
45.62445915,122.8359266,中国银行白城分行营业部
45.61353232,126.6379978,中国银行哈尔滨平房支行营业部
45.60023032,84.87550676,中国银行克拉玛依市光明西路支行
45.54982335,131.8766373,中国银行密山支行营业部
45.53467956,126.9831372,中国银行哈尔滨阿城支行营业部
45.5150159,124.2897465,中国银行大安支行营业部
45.37699186,126.317789,中国银行双城支行营业部
45.30761021,130.9599369,中国银行鸡西和平街支行
45.30422728,130.9769302,中国银行鸡西分行营业部
45.21805125,127.9732228,中国银行尚志支行营业部
45.17812761,124.8363061,中国银行松原建设街支行
45.14399077,124.8404427,中国银行松原油田支行
45.14266446,124.8591281,中国银行松原滨江嘉园支行
45.12629054,124.831878,中国银行松原分行营业部
45.12198506,124.8329102,中国银行松原查干淖尔大街支行
44.92473396,130.5279958,中国银行穆棱支行营业部
44.92269986,127.1616388,中国银行五常支行营业部
44.82673585,126.5512519,中国银行榆树支行营业部
44.6064291,129.6258231,中国银行牡丹江北安路支行
44.60601285,129.6054702,中国银行牡丹江新华路支行
44.59414061,129.620892,中国银行牡丹江分行营业部
44.58292961,129.3980638,中国银行海林支行营业部
44.55915606,129.636519,中国银行牡丹江卧龙街支行
44.5465944,125.7011549,中国银行德惠支行营业部
44.43533731,84.9145403,中国银行奎屯市乌鲁木齐东路支行
44.40462635,131.1719507,中国银行绥芬河分行营业部
44.35498275,129.4741637,中国银行宁安支行营业部
44.33114707,84.87534597,中国银行独山子区安庆路支行
44.30759606,86.04506319,中国银行石河子市友谊支行
44.30282774,86.09257481,中国银行石河子市三山支行
44.30261792,86.05092428,中国银行石河子市东环路支行
44.29834859,86.03361301,中国银行石河子市天山路支行
44.20975894,125.985176,中国银行九台站前支行
44.20975894,125.985176,中国银行九台支行营业部
44.07126009,131.1336619,中国银行东宁支行营业部
44.01755903,87.30948262,中国银行昌吉市北京中路支行
43.97386082,119.3827983,中国银行巴林左旗支行营业部
43.97386082,119.3827983,中国银行巴林左旗契丹街支行
43.96673401,87.70285193,中国银行乌鲁木齐市石化支行
43.94493962,116.1049472,中国银行锡林浩特市团结大街支行
43.93696455,81.3178702,中国银行伊宁市滨河路支行
43.93671504,116.0918144,中国银行锡林浩特分行营业部
43.92885438,125.2841915,中国银行长春万嘉支行
43.90241571,87.49469688,中国银行乌鲁木齐市迎宾路支行
43.89844014,125.35443,中国银行长春金域支行营业部
43.89566421,125.3237799,中国银行吉林省分行营业部
43.89384245,125.3244341,中国银行长春新华路支行
43.88783613,125.38438,中国银行长春东盛支行营业部
43.88780899,126.6009665,中国银行吉林昌邑支行
43.88507894,87.53754195,中国银行乌鲁木齐市经济技术开发区支行
43.87499446,125.3026951,中国银行长春工农大路支行营业部
43.87380204,125.2520299,中国银行长春四联大街支行
43.87199659,125.3155477,中国银行长春新民大街支行营业部
43.86897676,125.3714428,中国银行长春中海国际支行
43.86851013,125.380145,中国银行长春开发区支行营业部
43.86642862,87.53445524,中国银行乌鲁木齐市卫星路支行
43.86507675,125.2568187,中国银行长春汽车厂支行营业部
43.85039065,125.332983,中国银行长春伟峰国际支行营业部
43.84562413,125.321803,中国银行长春威尼斯花园支行
43.83010494,126.5525832,中国银行吉林市分行营业部
43.8253752,126.5693248,中国银行吉林丰满支行
43.82215913,87.620763,中国银行乌鲁木齐市西虹东路腾飞大厦支行
43.81127072,87.61487092,中国银行乌鲁木齐市红山路支行
43.78892473,87.60078013,中国银行乌鲁木齐市钱塘江路支行
43.78873011,87.5963023,中国银行乌鲁木齐市钱塘江路西支行
43.72343501,127.3498329,中国银行蛟河支行营业部
43.66004725,111.9897043,中国银行二连浩特市分行营业部
43.64041268,122.2500108,中国银行通辽市胜利路支行
43.63427753,122.2728727,中国银行通辽市西拉木伦支行
43.62130402,122.2748882,中国银行通辽分行营业部
43.5193386,124.8168296,中国银行公主岭园区支行
43.51267982,124.8249299,中国银行公主岭支行营业部
43.37484,128.2408992,中国银行敦化支行营业部
43.37344358,128.2366284,中国银行敦化敖东城支行
43.17555804,124.3740336,中国银行四平分行营业部
43.17113613,124.367907,中国银行长春南湖大路支行营业部
43.11361587,128.9220858,中国银行安图支行营业部
42.97475244,129.8504486,中国银行图们支行营业部
42.93050786,129.5278133,中国银行延吉北苑支行
42.91383178,129.5233472,中国银行延边分行营业部
42.91242026,125.1542704,中国银行辽源分行营业部
42.90660836,129.5248253,中国银行延吉友谊路支行
42.8990573,129.5038895,中国银行延吉站前街支行
42.87693066,130.3715396,中国银行珲春支行营业部
42.77621746,129.4279513,中国银行龙井支行营业部
42.68789135,126.0492214,中国银行辉南支行营业部
42.68212541,125.5444811,中国银行东丰支行营业部
42.55237537,124.0472854,中国银行铁岭开原支行营业部
42.52961891,125.686435,中国银行梅河口支行营业部
42.3345252,127.2835541,中国银行抚松支行营业部
42.32053391,86.38475382,中国银行和静县支行
42.29483031,123.8433255,中国银行铁岭光荣街支行
42.29196007,123.8514074,中国银行铁岭分行营业部
42.27176131,118.9710655,中国银行赤峰分行营业部
42.26591908,118.9396488,中国银行赤峰市钢铁西街支行
42.04391638,119.2804074,中国银行元宝山区支行营业部
42.03361497,121.6721558,中国银行阜新海鑫支行
42.01744235,121.6496856,中国银行阜新分行营业部
42.00056736,122.8360166,中国银行沈阳新民支行营业部
41.94611511,126.4236338,中国银行白山分行营业部
41.89175104,124.0741739,中国银行抚顺东洲支行营业部
41.8842281,123.9260151,中国银行抚顺河北支行营业部
41.87046518,123.9145314,中国银行抚顺分行营业部
41.86572604,123.9091881,中国银行抚顺新抚支行营业部
41.86461642,123.8779023,中国银行抚顺新抚路支行
41.85981269,123.8237644,中国银行抚顺丹东路支行
41.85627012,123.8284828,中国银行抚顺雷锋东路支行
41.85545903,123.8316013,中国银行抚顺望花支行营业部
41.8553047,123.8119011,中国银行抚顺雷锋路支行
41.84509433,123.4479982,中国银行沈阳陵东街支行
41.83847279,123.4466704,中国银行沈阳皇姑支行营业部
41.8204457,123.439752,中国银行沈阳北站支行营业部
41.81552272,123.3939332,中国银行沈阳北一东路支行
41.81152589,123.471797,中国银行沈阳大东支行营业部
41.81093366,123.3849727,中国银行沈阳兴华北街支行
41.81036165,123.4373996,中国银行沈阳分行营业部
41.80281443,81.87737889,中国银行拜城县支行
41.79905361,123.4227514,中国银行沈阳中山支行营业部
41.79898189,123.364201,中国银行沈阳铁西支行营业部
41.79700593,123.4100904,中国银行沈阳中华路支行
41.791488,123.3699092,中国银行沈阳兴华南街支行
41.79067304,123.4889939,中国银行沈阳六0六支行
41.78880989,123.433803,中国银行沈阳沈河支行营业部
41.78813829,123.3325136,中国银行沈阳西站支行
41.78606629,123.4121577,中国银行沈阳和平支行营业部
41.7829964,126.0534127,中国银行通化二道江支行
41.7739946,123.3026378,中国银行沈阳开发区支行营业部
41.76195048,123.44454,中国银行沈阳南湖支行营业部
41.75340812,123.3421123,中国银行沈阳于洪新城支行
41.7403529,123.4752469,中国银行沈阳浑南支行
41.73574689,125.941882,中国银行通化龙泉路支行
41.73561601,125.9592596,中国银行通化分行营业部
41.60663229,119.3231557,中国银行宁城铁西支行
41.60421598,119.3147936,中国银行宁城支行营业部
41.59844974,121.801518,中国银行锦州北镇支行营业部
41.58239446,120.4640687,中国银行朝阳分行营业部
41.41163469,119.6524263,中国银行朝阳建平支行营业部
41.34775211,123.9017369,中国银行本溪分行营业部
41.32113904,117.7439484,中国银行隆化支行
41.31234111,123.7704358,中国银行本溪北光路支行营业部
41.31095088,123.7831603,中国银行本溪胜利路支行
41.30323092,123.777047,中国银行本溪本钢支行营业部
41.30076787,123.7976248,中国银行本溪观山悦支行
41.29910281,123.7669059,中国银行本溪站前支行
41.29423524,123.7649206,中国银行本溪永丰支行营业部
41.28156774,123.1824669,中国银行辽阳分行营业部
41.26700207,123.2021988,中国银行辽阳东街支行营业部
41.26255438,123.1765148,中国银行辽阳海关支行
41.24892847,119.4179407,中国银行朝阳凌源支行营业部
41.22415692,123.0857096,中国银行辽阳首山支行
41.2183915,123.204351,中国银行辽阳辽化支行营业部
41.20160188,123.1982897,中国银行辽阳工农大街支行
41.17629581,80.2674517,中国银行阿克苏市大十字支行
41.17018233,122.0813319,中国银行盘锦中育支行
41.16800703,123.4353002,中国银行辽阳弓长岭支行
41.14642461,122.111446,中国银行盘锦渤海支行
41.14312329,123.0207722,中国银行鞍山立山支行营业部
41.13506971,122.0735222,中国银行盘锦分行营业部
41.13042413,126.1973659,中国银行集安支行营业部
41.12817081,122.0910895,中国银行盘锦兴隆台支行
41.12564393,123.0075489,中国银行鞍山胜利路支行营业部
41.12479748,121.1524816,中国银行锦州吉庆街支行
41.12462635,122.9787906,中国银行鞍山道西支行营业部
41.12350211,123.0102968,中国银行鞍山分行营业部
41.12048684,121.1614545,中国银行锦州分行营业部
41.11764158,122.9969807,中国银行鞍山铁东支行营业部
41.09716287,122.9593674,中国银行鞍山开发区支行营业部
41.04096532,113.1062028,中国银行乌兰察布市六马路支行
41.03784328,113.1091897,中国银行乌兰察布市分行营业部
41.00175117,118.6858834,中国银行平泉金世纪支行
40.98490385,117.9457923,中国银行承德分行营业部
40.86828318,122.7517409,中国银行鞍山海城市场支行
40.86412345,122.7609053,中国银行鞍山海城支行营业部
40.84774212,111.6973274,中国银行呼和浩特市海东路支行
40.84095538,111.7332776,中国银行呼和浩特市新城支行营业部
40.8401491,111.702525,中国银行呼和浩特市曙光支行
40.835337,111.6855605,中国银行呼和浩特市艺术厅北街支行
40.83413682,111.752663,中国银行呼和浩特市如意四纬路支行
40.83336698,111.700989,中国银行内蒙古自治区分行营业部
40.8312623,111.6957621,中国银行赤峰市新城支行
40.83105951,111.6627211,中国银行呼和浩特市中山支行营业部
40.82753592,111.6766032,中国银行呼和浩特市新华支行营业部
40.82412377,111.6787199,中国银行呼和浩特市中山商业区支行
40.81816621,111.7448325,中国银行呼和浩特市丰州南路支行
40.8179219,111.671929,中国银行呼和浩特市天元支行
40.81224248,111.7031879,中国银行呼和浩特市南门外支行
40.81144117,114.9041128,中国银行张家口市建国路支行
40.81113398,111.661233,中国银行呼和浩特市大北街支行
40.8111302,111.6612329,中国银行呼和浩特市玉泉支行营业部
40.80021992,111.6967765,中国银行呼和浩特市新希望街支行
40.7827815,120.8479308,中国银行葫芦岛新华大街支行
40.77654581,120.8768937,中国银行葫芦岛东城支行
40.76246881,114.7357179,中国银行万全支行
40.75690745,107.4295129,中国银行巴彦淖尔市分行营业部
40.73642201,120.8436685,中国银行葫芦岛石油街支行
40.72914465,108.6607607,中国银行乌拉特前旗东风西街支行
40.72914465,108.6607607,中国银行乌拉特前旗支行营业部
40.71760982,120.8443035,中国银行葫芦岛龙湾大街支行
40.71117347,120.847373,中国银行葫芦岛分行营业部
40.67922509,109.8761252,中国银行包头市富强路支行
40.67496075,109.8829597,中国银行包头市青山支行
40.67163294,122.2413147,中国银行营口分行营业部
40.66865107,122.2333914,中国银行营口建丰支行
40.66122379,109.866834,中国银行包头分行营业部
40.65518417,109.8819059,中国银行包头市劳动路支行
40.64187875,122.5110833,中国银行营口大石桥支行营业部
40.62279827,120.7239386,中国银行葫芦岛兴城支行营业部
40.61553947,115.0799751,中国银行宣化建国街支行
40.60903466,109.9705858,中国银行包头市九原支行
40.60023299,110.043458,中国银行包头市工业路支行
40.58912449,110.0701414,中国银行包头市包铝支行
40.58676214,110.0245167,中国银行包头市东河支行营业部
40.58030448,110.02656,中国银行包头市站北路支行
40.57864142,110.0469183,中国银行包头市巴彦塔拉支行
40.56883693,115.3504983,中国银行张家口市下花园支行
40.55833603,113.3086765,中国银行乌兰察布市丰镇支行营业部
40.48022451,109.966398,中国银行达拉特旗支行营业部
40.47690888,115.9873302,中国银行北京延庆支行营业部
40.4613941,124.0761393,中国银行丹东凤城凤凰街支行
40.41067181,122.3654084,中国银行营口盖州支行营业部
40.37812252,116.8521651,中国银行北京密云支行营业部
40.33538482,120.3526851,中国银行葫芦岛绥中支行营业部
40.33008245,116.6506757,中国银行北京怀柔支行营业部
40.27056585,122.13893,中国银行营口经济技术开发区支行营业部
40.27037786,122.1370882,中国银行营口闽江路支行
40.2255518,97.46120885,中国银行酒泉新城支行
40.21876783,116.2362406,中国银行北京昌平支行营业部
40.18585282,117.9736615,中国银行遵化建设路支行
40.14786257,117.1117717,中国银行北京平谷支行营业部
40.1387141,124.3997498,中国银行丹东分行营业部
40.13608413,116.6567535,中国银行北京顺义支行营业部
40.13576419,116.6731489,中国银行北京顺义东兴支行
40.12084333,124.3856485,中国银行丹东青年大街支行
40.11260174,113.3071403,中国银行大同操场城支行
40.11060199,113.3230558,中国银行大同平城支行
40.0967632,113.2799526,中国银行大同矿务局支行营业部
40.08202336,113.3011316,中国银行大同市分行国际结算部
40.08202243,113.3011296,中国银行大同市分行营业部
40.07761092,113.2962465,中国银行大同新建南路支行
40.0700387,113.3013525,中国银行大同南城支行
40.06237097,116.421387,中国银行北京立汤南路支行
40.06200281,117.4261773,中国银行天津蓟县支行营业部
40.05915301,116.3065698,中国银行北京上地支行
40.05102452,116.6262208,中国银行北京首都机场支行营业部
40.0415374,116.3622479,中国银行北京小营支行
40.02129456,112.7129123,中国银行左云支行营业部
40.01308928,113.1526518,中国银行大同南郊支行
40.00269505,116.3283168,中国银行北京紫荆公寓支行
39.99725882,116.4131915,中国银行北京奥运村支行营业部
39.99044355,116.316504,中国银行北京海淀支行营业部
39.98745707,117.082345,中国银行三河支行
39.98157626,116.331429,中国银行北京知春路支行
39.98051511,116.4141827,中国银行北京安定路支行
39.97779322,116.4959346,中国银行北京将台路支行
39.96914186,116.3925233,中国银行北京黄寺支行
39.96603217,116.4463902,中国银行北京商务区支行营业部
39.96593407,116.377725,中国银行北京北太平庄支行
39.96389738,116.4739244,中国银行北京霄云路支行
39.96341732,119.5990373,中国银行秦皇岛分行营业部
39.96213113,116.4647758,中国银行北京朝阳支行营业部
39.96061548,116.3848197,中国银行北京德胜支行
39.96034526,119.6389167,中国银行秦皇岛市东港路支行
39.95003522,116.8162288,中国银行廊坊市燕郊开发区市场街支行
39.94719757,116.4162393,中国银行北京东城支行营业部
39.94159881,116.3159705,中国银行北京西三环支行
39.9388736,116.3558957,中国银行北京车公庄支行
39.93875673,116.3309013,中国银行北京主语城支行
39.93600008,116.467369,中国银行北京白家庄支行
39.92961608,116.358662,中国银行北京西城支行营业部
39.92950981,116.4629234,中国银行北京呼家楼支行
39.92921803,116.439018,中国银行北京市分行营业部
39.92358397,116.366457,中国银行北京武定侯街支行
39.92357206,116.3641065,中国银行北京金融中心支行营业部
39.92350423,116.5387195,中国银行北京青年路支行
39.92067611,116.2049981,中国银行北京石景山支行营业部
39.92063846,116.4674553,中国银行北京东三环中路支行
39.91965039,116.3494955,中国银行北京三里河支行
39.91514932,116.4186797,中国银行北京王府井支行营业部
39.91502522,116.4804135,中国银行北京金地中心支行
39.91484218,116.4779036,中国银行北京针织路支行
39.91437845,116.4347168,中国银行北京恒基中心支行
39.91416075,116.3794039,中国银行北京中银大厦支行营业部
39.91362307,116.4463441,中国银行北京建国门外支行
39.91199593,116.4786133,中国银行北京电视台支行
39.9116248,116.6481046,中国银行北京通州新华西街支行
39.91040064,116.6691852,中国银行北京通州支行营业部
39.90817368,116.4226641,中国银行北京崇文门支行
39.90545329,116.3903709,中国银行北京宣武支行营业部
39.90007672,116.4348164,中国银行北京崇文支行营业部
39.89446646,116.3602579,中国银行北京广安门支行
39.88862515,117.7620288,中国银行玉田支行
39.87452005,116.3728816,中国银行北京丰台支行营业部
39.87185443,111.2342123,中国银行准格尔旗支行营业部
39.85072968,111.2428668,中国银行准格尔旗经二路支行
39.84981647,114.5900652,中国银行蔚县支行
39.83668998,118.1373622,中国银行唐山市煤医道支行
39.83340949,118.1508979,中国银行唐山市新城道燕山路支行
39.82600253,110.0241705,中国银行鄂尔多斯市宝日陶亥东街支行
39.82225164,110.0043521,中国银行鄂尔多斯市分行营业部
39.80769233,116.513958,中国银行北京经济技术开发区宏达北路支行
39.80034964,116.5176801,中国银行北京经济技术开发区支行营业部
39.79357084,113.1123046,中国银行怀仁支行营业部
39.77142528,98.2943138,中国银行嘉峪关核城支行
39.75046677,116.1481595,中国银行北京房山支行
39.74364186,98.51406951,中国银行酒泉市盘旋路支行
39.73059811,98.4932865,中国银行酒泉市北街支行
39.72928019,117.3130259,中国银行天津宝坻支行营业部
39.72218867,118.4481714,中国银行唐山市古范路支行
39.72090181,118.4601998,中国银行唐山市古冶支行
39.7154075,119.181466,中国银行昌黎南马路支行
39.71044438,117.3038066,中国银行天津开元支行
39.70969642,115.991375,中国银行北京城关北街支行
39.70144332,117.303326,中国银行天津凯旋支行
39.68970773,106.8374281,中国银行乌海分行营业部
39.68547839,118.1960221,中国银行唐山市龙泽北路支行
39.67624072,106.8164769,中国银行乌海市人民南路支行
39.65077245,122.9927142,中国银行大连庄河支行营业部
39.63811035,118.1577381,中国银行唐山市大里路支行
39.63731626,122.0436025,中国银行大连瓦房店东长春路支行
39.6360894,118.140632,中国银行唐山市瑞景支行
39.63432886,122.0080801,中国银行大连瓦房店支行营业部
39.63158244,118.1455772,中国银行唐山分行营业部
39.62867093,122.0081452,中国银行大连瓦房店中街支行
39.62368745,118.2168398,中国银行唐山市复兴路支行
39.57176552,118.1136299,中国银行唐山市丰南支行
39.56746691,109.7515135,中国银行伊金霍洛旗支行营业部
39.56728206,113.2126209,中国银行应县支行营业部
39.55843279,116.8190377,中国银行天津京滨支行
39.54501552,116.7122841,中国银行廊坊市广阳道支行
39.54405523,112.8264992,中国银行山阴同太北路支行
39.54255962,116.7241849,中国银行廊坊市新开路支行
39.53130295,112.8189494,中国银行山阴西环路支行
39.53126687,116.714661,中国银行廊坊市新华路支行
39.52937537,112.8211911,中国银行山阴支行营业部
39.52608571,112.2970728,中国银行朔州平鲁区支行营业部
39.52275087,116.7301568,中国银行廊坊分行营业部
39.50552853,106.7240808,中国银行乌达支行营业部
39.47850911,75.98240381,中国银行喀什市色满路支行
39.43363336,118.9109102,中国银行乐亭支行
39.41183496,121.9762169,中国银行大连普兰店支行营业部
39.40575183,121.9712188,中国银行大连普兰店商业大街支行
39.3916613,117.0608213,中国银行天津武清支行营业部
39.38757037,117.0466564,中国银行天津振华西道支行
39.37961122,117.0751455,中国银行天津北辰支行营业部
39.35975821,112.4524715,中国银行朔州平朔支行营业部
39.35187201,112.4631114,中国银行朔州振华东街支行
39.33504,112.441517,中国银行朔州市分行营业部
39.32526323,112.4399928,中国银行朔州鄯阳街支行
39.30315228,116.5020788,中国银行永清支行
39.28506018,121.8051095,中国银行大连三十里堡支行
39.23742937,117.2384937,中国银行天津乐金电子支行
39.22644865,117.2645974,中国银行天津北辰科技园区支行
39.19313812,117.1709723,中国银行天津天辰大厦支行
39.19037991,117.2595953,中国银行天津金钟支行
39.18915977,117.1472328,中国银行天津本溪路支行
39.17870594,117.1513359,中国银行天津中嘉支行
39.17631412,117.2476221,中国银行天津桂江道支行
39.17314893,117.2202968,中国银行赤峰市喀喇沁旗支行
39.16719895,116.9822012,中国银行天津王庆坨支行
39.16018194,117.2468192,中国银行天津江都路支行
39.1601109,117.2033038,中国银行天津中山路支行
39.157903,117.2067268,中国银行天津河北支行营业部
39.15616747,117.2395186,中国银行天津真理道支行
39.15460887,117.4019115,中国银行天津融和广场支行
39.14353941,117.1538695,中国银行天津黄河道支行
39.13735238,117.1872182,中国银行天津南开支行营业部
39.13245456,117.238448,中国银行天津河东支行营业部
39.13159193,117.2165055,中国银行天津和平支行营业部
39.13087568,117.0975835,中国银行天津中北支行
39.1275767,117.2011666,中国银行天津锦中大厦支行
39.12742296,116.4096241,中国银行霸州兴华路支行
39.12227474,116.4011131,中国银行霸州支行
39.12222918,117.2154329,中国银行天津国际大厦支行
39.1164909,117.2542039,中国银行天津大桥道支行
39.11267466,117.1972163,中国银行天津西康路支行
39.11213923,117.2104074,中国银行天津市分行营业部
39.11076856,117.2199054,中国银行天津九龙路支行
39.10256167,121.7166229,中国银行大连南棉支行
39.10225786,117.2237253,中国银行天津爱国道支行
39.10189571,117.2384246,中国银行天津河西支行营业部
39.10108808,117.2890361,中国银行天津津塘路支行
39.09885643,117.1577067,中国银行天津迎水道支行
39.09650826,117.558972,中国银行天津开发西区支行
39.09562636,117.3216735,中国银行天津东丽支行营业部
39.0907692,118.4653174,中国银行曹妃甸分行
39.05951122,117.4574042,中国银行天津军粮城支行
39.05436149,121.7790056,中国银行大连开发区分行营业部
39.05415371,121.7926257,中国银行大连新桥支行
39.04165575,117.6643033,中国银行天津杭州道支行
39.03693461,117.7150122,中国银行天津滨海分行营业部
39.03578048,117.7095747,中国银行天津芳林园支行
39.0258011,106.3632063,中国银行石嘴山市凯旋支行
39.02496072,117.2366861,中国银行天津西青支行营业部
39.02285142,117.8085723,中国银行天津东疆保税港区支行
39.01923475,117.7052467,中国银行天津春风路支行
39.01335482,117.7613263,中国银行天津保税区分行营业部
38.9958921,121.5956955,中国银行大连甘井子支行营业部
38.9951692,117.5047324,中国银行天津葛沽支行
38.99467737,121.5759518,中国银行大连中华西路支行
38.99440327,117.3956314,中国银行天津津沽路支行
38.9930561,117.3892248,中国银行天津津南支行营业部
38.96653817,121.5963021,中国银行大连西南路支行
38.95223124,117.3396921,中国银行天津八里台支行
38.94475042,116.929533,中国银行天津静海支行营业部
38.92899797,121.6497753,中国银行辽宁省分行营业部
38.9263319,121.6667579,中国银行大连鲁迅路支行
38.92580947,121.6772731,中国银行大连寺儿沟支行
38.92533998,121.6504037,中国银行大连中山广场支行营业部
38.92236003,121.608677,中国银行大连沙河口支行营业部
38.92151861,121.6045054,中国银行大连联合路支行
38.92105847,121.6148235,中国银行大连黄河街支行
38.91927783,121.5947479,中国银行大连长兴支行
38.91720153,121.6092609,中国银行大连永平街支行
38.91642217,121.6314545,中国银行大连西岗支行营业部
38.91637782,121.6314371,中国银行大连西岗支行个人金融部
38.9148801,121.617703,中国银行大连五四路支行
38.91424228,121.6280653,中国银行大连金州支行营业部
38.9075204,121.6133141,中国银行大连星海湾支行营业部
38.90340779,121.6539597,中国银行大连中山支行营业部
38.90324342,121.6539015,中国银行大连中山支行个人金融部
38.90128699,121.5932036,中国银行大连和平广场支行
38.89579491,115.5024935,中国银行保定市西苑支行
38.89080312,121.6919212,中国银行大连虎滩新区支行
38.88656455,115.4948102,中国银行保定市市府街支行
38.87923201,115.4740385,中国银行保定分行营业部
38.869525,115.4545955,中国银行保定市天威西路支行
38.86437593,115.5004035,中国银行保定市裕华支行
38.86248353,121.5322379,中国银行大连高新技术园区支行营业部
38.847142,105.7156148,中国银行巴彦浩特分行营业部
38.84488241,117.4765028,中国银行天津大港支行营业部
38.81730718,121.272541,中国银行大连旅顺支行营业部
38.73722383,112.7277718,中国银行原平支行营业部
38.73649013,112.714972,中国银行原平前进西街支行
38.73537356,113.2633301,中国银行五台支行营业部
38.53019487,114.9645683,中国银行定州分行营业部
38.52774388,115.0082991,中国银行定州东门支行
38.51536369,102.1942373,中国银行金昌天水路支行
38.49758021,106.2718118,中国银行银川市凤凰北街支行
38.4918905,112.9741896,中国银行定襄支行营业部
38.48543421,106.2303579,中国银行银川市新昌西路支行
38.4832031,106.2504917,中国银行银川市经济技术开发区支行
38.45712174,106.2832545,中国银行银川市宝湖东路支行
38.43886,112.7370297,中国银行忻州学府支行
38.43722001,115.3390078,中国银行安国支行
38.4231171,112.7445118,中国银行忻州市分行营业部
38.42027767,77.25081628,中国银行莎车县新城路支行
38.31508364,114.3932998,中国银行灵寿支行
38.24073417,115.7320397,中国银行饶阳支行
38.15252906,114.574967,中国银行正定府西街支行
38.09710823,114.3276898,中国银行石家庄市鹿泉支行
38.09082436,113.423955,中国银行盂县支行营业部
38.08934971,116.5801945,中国银行泊头支行
38.08104105,114.469217,中国银行石家庄市滨湖支行
38.06656105,114.464706,中国银行石家庄市机场路支行营业部
38.05392487,114.4878935,中国银行河北省分行营业部
38.05391546,114.4873833,中国银行河北省分行第二营业部
38.04998281,114.4914334,中国银行石家庄市中山支行营业部
38.04801031,115.990574,中国银行武强支行
38.04401297,114.5524576,中国银行石家庄市裕东支行营业部
38.04121417,114.5167367,中国银行石家庄市裕华支行营业部
38.04034062,114.8539038,中国银行石家庄市藁城四明街支行
38.03756474,114.4830249,中国银行石家庄市中华大街支行
38.03403343,114.5235198,中国银行石家庄市石宾支行
38.02999784,114.4582851,中国银行石家庄市振头支行
38.00919807,115.548744,中国银行深州支行
37.94531464,113.5785601,中国银行阳泉新城支行1
37.94212474,105.9614616,中国银行青铜峡铝厂支行
37.90557448,112.5685096,中国银行太原北城支行
37.89514703,112.569648,中国银行太原大北门支行
37.88588851,112.5783216,中国银行太原杏花岭支行
37.87963998,112.5502723,中国银行太原漪汾支行营业部
37.87882736,113.5518612,中国银行阳泉四矿口支行
37.87853547,112.587055,中国银行太原府东街支行
37.87772872,112.5681915,中国银行太原鼓楼支行营业部
37.87251654,113.5773138,中国银行阳泉市分行营业部
37.86600436,112.5561601,中国银行太原滨河支行营业部
37.86263596,112.4819953,中国银行太原迎泽西大街支行
37.85953929,112.5777353,中国银行太原并州支行营业部
37.85057303,112.567243,中国银行太原平阳支行营业部
37.84969069,112.5262227,中国银行太原千峰南路支行
37.8045792,115.9152138,中国银行武邑支行
37.79880724,112.5581129,中国银行山西省分行营业部
37.79842776,113.6452092,中国银行平定支行营业部
37.73517296,115.697145,中国银行衡水分行营业部
37.72574409,115.724201,中国银行衡水市京衡大街支行
37.70400707,112.7470486,中国银行晋中迎宾街支行
37.70397567,112.7298029,中国银行晋中市分行营业部
37.69528144,112.7939289,中国银行晋中新华街支行
37.61117839,112.3633832,中国银行清徐支行营业部
37.57277072,121.3595553,中国银行烟台福园支行
37.56016341,112.1633464,中国银行交城支行营业部
37.55738023,121.3611387,中国银行烟台新桥支行
37.5334795,122.0740971,中国银行威海商贸城支行
37.5301354,111.136136,中国银行吕梁市分行营业部
37.52989933,122.0854625,中国银行威海哈工大支行
37.52547425,115.7296952,中国银行枣强平原西街支行
37.51953714,122.1140107,中国银行威海卧龙山支行
37.47963484,121.4647843,中国银行烟台滨海路支行
37.46047862,121.4401066,中国银行烟台绿色家园支行
37.45870715,116.3118748,中国银行德州新湖支行
37.45047029,110.9275657,中国银行柳林支行
37.44131259,116.3658254,中国银行德州东风东路支行
37.43629483,118.6753265,中国银行东营胶州路支行
37.4234658,122.1833714,中国银行威海齐鲁大道支行
37.40769641,112.7364325,中国银行太谷支行营业部
37.38398224,118.0290099,中国银行滨州渤海七路支行
37.37547603,112.3331211,中国银行祁县支行营业部
37.31676431,111.7459959,中国银行汾阳文峰路支行
37.31676431,111.7459959,中国银行汾阳支行营业部
37.15819801,111.7976816,中国银行孝义支行营业部
37.1554477,111.7722541,中国银行孝义新建路支行
37.12815556,118.9909348,中国银行潍坊滨海支行
37.0883237,114.4739736,中国银行邢台市阳光国际支行
37.08149646,114.5068066,中国银行邢台市天一城支行
37.06894297,114.4898156,中国银行邢台分行营业部
37.0348585,111.9198907,中国银行介休支行营业部
36.96709143,118.0934647,中国银行桓台少海路支行
36.92314313,121.560996,中国银行乳山商业街支行
36.89814478,117.7528186,中国银行邹平黛溪四路支行
36.88823184,120.5318186,中国银行莱西重庆中路支行
36.87340371,118.7391261,中国银行寿光光明路支行
36.86507691,114.5234001,中国银行沙河迎新街支行
36.85312788,111.7852175,中国银行灵石支行营业部
36.84081981,118.045187,中国银行淄博西五路支行
36.83558316,118.0258308,中国银行淄博新区支行
36.83518789,118.3317133,中国银行淄博临淄凤凰城支行
36.78855005,119.951062,中国银行平度苏州路支行
36.76732712,112.7081895,中国银行沁县支行营业部
36.71466425,117.5507804,中国银行章丘山泉路支行
36.69878292,117.5483608,中国银行章丘唐王山路支行
36.65912576,117.1393713,中国银行济南龙奥支行
36.64971584,117.1309778,中国银行济南泉星支行
36.64295468,101.7623503,中国银行西宁市新宁路支行
36.62437529,101.7826262,中国银行西宁市南关街支行
36.61748513,114.4916511,中国银行邯郸分行营业部
36.60905444,109.5066827,中国银行延安东街支行
36.6080354,114.5097531,中国银行邯郸市财富支行
36.60240598,119.1525441,中国银行潍坊坊城支行
36.59796743,114.5009703,中国银行邯郸市农林中路支行
36.59463559,114.5228049,中国银行邯郸市滏阳支行
36.57599249,109.6486022,中国银行延安苑东路支行
36.57590018,111.7363695,中国银行霍州支行营业部
36.5370658,113.0523145,中国银行襄垣支行营业部
36.51861663,113.3978529,中国银行黎城支行营业部
36.5097827,111.7140307,中国银行霍州辛置支行
36.46852931,115.9845338,中国银行聊城卫育路支行
36.45410799,114.6971004,中国银行成安支行
36.33770504,113.229091,中国银行潞城支行营业部
36.2932368,120.0215355,中国银行胶州郑州东路支行
36.28964927,119.9826898,中国银行胶州兰州西路支行
36.26841165,111.6833571,中国银行洪洞支行营业部
36.23343521,117.685684,中国银行莱芜城北支行
36.22137716,113.1355371,中国银行长治高新区支行
36.21918846,113.1199298,中国银行长治城北街支行
36.21142664,113.1260382,中国银行长治市分行营业部
36.19321216,116.7889994,中国银行肥城泰西大街支行
36.18189699,113.1140142,中国银行长治金山国际广场支行
36.15394121,111.9652206,中国银行临汾市分行营业部
36.1310286,114.4047492,中国银行安阳永明路支行
36.11776243,114.3551417,中国银行安阳北关支行
36.10799934,120.4399674,中国银行青岛同安路支行
36.10304424,114.4121512,中国银行安阳朝阳支行
36.08792798,120.3966733,中国银行青岛绍兴路支行
36.07852557,103.748804,中国银行兰州市西津西路支行
36.07363722,117.0886857,中国银行泰安钢材大市场支行
36.0659931,120.3841195,中国银行青岛东海西路支行
36.05775514,113.0642135,中国银行长治支行营业部
36.05387413,103.8622492,中国银行甘肃省分行个人金融部
36.05279711,103.8394183,中国银行兰州市金城支行
36.0457169,103.8754731,中国银行兰州市八冶支行
35.99629215,119.4169284,中国银行诸城兴华路支行
35.95334499,120.2024652,中国银行青岛唐岛湾支行
35.89310178,114.1935179,中国银行鹤壁建设街支行
35.80506055,112.9362227,中国银行高平支行营业部
35.80135535,118.6372324,中国银行沂水健康路支行
35.79072239,112.9400169,中国银行高平康乐街支行
35.76743563,115.0457691,中国银行濮阳行政区支行
35.73957573,107.657261,中国银行庆阳市东街支行
35.73797076,107.6388903,中国银行庆阳市西街支行
35.69489598,112.1926503,中国银行沁水支行营业部
35.67297011,112.5240641,中国银行沁水端氏支行
35.65161149,111.4920529,中国银行曲沃支行
35.64584055,110.6836318,中国银行河津禹门支行营业部
35.63189105,110.7085393,中国银行河津支行营业部
35.62178549,111.3715092,中国银行侯马支行营业部
35.62044098,110.6884236,中国银行河津龙门支行
35.58563673,118.8361384,中国银行莒县浮来中路支行
35.54763215,106.6776116,中国银行平凉市西大街支行
35.51577432,106.7488868,中国银行平凉市二天门支行
35.50577834,112.8457026,中国银行晋城广场支行
35.49618591,112.864392,中国银行晋城市分行营业部
35.49031068,112.4191787,中国银行阳城支行营业部
35.48094028,113.8076321,中国银行辉县城北支行
35.41995326,119.5402432,中国银行日照威海路支行
35.41303344,116.622096,中国银行济宁中区支行
35.40641892,116.9848252,中国银行邹城平阳路支行
35.37375316,111.3192868,中国银行闻喜支行营业部
35.30725756,113.9126902,中国银行新乡健康路支行
35.30725756,113.9126902,中国银行新乡和平南桥支行
35.29406165,113.8720603,中国银行新乡向阳支行
35.2454842,113.2430523,中国银行焦作和平中街支行
35.23772381,115.4577316,中国银行菏泽解放街支行
35.17930191,118.851557,中国银行莒南天桥路支行
35.17760514,113.0752741,中国银行博爱支行
35.0982583,112.5831904,中国银行济源豫光支行
35.08831386,118.3423145,中国银行临沂前园支行
35.08002251,112.6155968,中国银行济源文化城支行
35.07953535,109.092757,中国银行铜川七一路支行
35.07445756,118.3531507,中国银行临沂朝阳支行
35.03184748,111.0199619,中国银行运城市分行营业部
35.02275673,118.4651809,中国银行临沂经济技术开发区支行
35.021767,110.9981962,中国银行运城红旗西街支行
34.96307702,115.877752,中国银行成武伯乐大街支行
34.86884516,110.461709,中国银行永济支行营业部
34.84602724,119.1278426,中国银行赣榆支行营业部
34.83119941,112.4518582,中国银行孟津支行
34.82607556,113.6455421,中国银行郑州普罗旺世支行
34.82315209,114.3301693,中国银行开封黄河路支行
34.81109925,114.2972174,中国银行开封郑开大道支行
34.79371265,114.370206,中国银行开封自由路支行
34.78590809,113.6937252,中国银行郑州红专路支行
34.78093441,113.6637372,中国银行郑州黄河路支行
34.77575919,113.6965211,中国银行郑州经四路支行
34.76921397,113.6185212,中国银行郑州锦艺城支行
34.75813101,113.0254676,中国银行巩义惠民路支行
34.75784779,119.3797008,中国银行连云港连云支行
34.75094861,111.8866777,中国银行义马千秋路支行
34.75039794,113.0025755,中国银行巩义陇海路支行
34.74800566,119.37992,中国银行连云港核电站支行营业部
34.73405975,116.9389778,中国银行沛县支行营业部
34.71850498,113.6347637,中国银行郑州嵩山南路支行
34.70215573,119.352953,中国银行连云港经济技术开发区支行营业部
34.68117098,112.465411,中国银行洛阳凯旋东路支行
34.67513203,112.3738316,中国银行洛阳武汉路支行
34.66652475,112.3827258,中国银行洛阳龙鳞路支行
34.60483205,119.1866432,中国银行连云港新浦支行营业部
34.60404906,119.1925161,中国银行连云港分行营业部
34.60090998,112.4009623,中国银行洛阳开元支行
34.57928435,119.1447884,中国银行连云港海州支行营业部
34.55660262,114.7680297,中国银行杞县支行
34.53142528,118.769996,中国银行东海支行营业部
34.46566524,113.0384916,中国银行登封嵩阳路支行
34.43158333,116.3585152,中国银行砀山支行营业部
34.40206192,113.7720973,中国银行新郑人民路支行
34.40162852,115.6593804,中国银行商丘睢阳支行
34.37312342,118.3586836,中国银行新沂支行营业部
34.35968767,107.159379,中国银行宝鸡高新技术产业开发区支行
34.35291258,108.9817361,中国银行西安通济坊支行
34.34954936,108.714035,中国银行咸阳联盟三路支行
34.34553685,108.7404998,中国银行咸阳渭城区支行
34.3430404,108.7273718,中国银行咸阳人民东路支行
34.32029474,117.969733,中国银行邳州支行营业部
34.3038529,109.0016308,中国银行西安阿房路支行
34.30379296,119.2733186,中国银行灌云支行营业部
34.28800634,117.2050805,中国银行徐州堤北支行
34.27982903,108.081565,中国银行杨凌西农路支行
34.27177984,108.8787564,中国银行西安汉城路支行
34.26955244,109.0715283,中国银行西安纺织城支行
34.26895403,117.176766,中国银行徐州淮西支行
34.26855752,117.1850964,中国银行徐州分行营业部
34.26723031,117.1649223,中国银行徐州西关支行营业部
34.26682495,117.196558,中国银行徐州青年路支行营业部
34.26465748,108.9153632,中国银行西安西稍门支行
34.2628,108.9325567,中国银行西安西大街支行
34.25898626,117.2503867,中国银行徐州万达广场支行
34.25421501,117.2460387,中国银行徐州庆丰路支行
34.2518584,108.8992369,中国银行西安唐延北路支行
34.25073625,108.9606059,中国银行西安文艺路支行
34.24309014,108.8828309,中国银行西安科技路西段支行
34.23102796,108.9248775,中国银行西安太白南路支行
34.22751008,117.1770431,中国银行徐州金山支行
34.22453804,108.9696633,中国银行西安曲江支行
34.210365,117.2841442,中国银行徐州新城区支行
34.20896973,108.9260866,中国银行西安紫薇支行
34.20824523,108.981563,中国银行西安芙蓉西路支行
34.2006205,117.2000131,中国银行徐州铜山支行营业部
34.19064224,116.9555607,中国银行萧县支行营业部
34.17758708,112.8541446,中国银行汝州广成西路支行
34.14566881,118.816422,中国银行沭阳支行营业部
34.13094427,118.7928762,中国银行沭阳开发区支行
34.09739902,119.363655,中国银行灌南镇中支行
34.09667003,119.3466868,中国银行灌南支行营业部
34.04256985,113.8647624,中国银行许昌魏文路支行
34.01116653,119.8386223,中国银行滨海支行营业部
33.9764662,116.8007524,中国银行淮北分行营业部
33.95204973,118.2968934,中国银行宿迁分行营业部
33.94947165,118.3326888,中国银行宿迁宿豫支行
33.9404369,118.284591,中国银行宿迁开发区支行
33.92757574,116.452528,中国银行永城中原支行
33.91293596,117.959116,中国银行睢宁支行营业部
33.89636521,115.7876631,中国银行亳州新华北路支行
33.88497602,115.7944512,中国银行亳州分行营业部
33.88439251,109.9288168,中国银行商洛商州区北新街支行
33.86288619,115.7852297,中国银行亳州光明支行
33.79340397,119.8024358,中国银行阜宁支行营业部
33.77747975,119.2786782,中国银行涟水支行营业部
33.77744089,119.277139,中国银行涟水支行业务发展部
33.77669735,120.2697341,中国银行射阳支行营业部
33.74729664,105.688289,中国银行成县支行
33.74606649,113.3483676,中国银行平顶山矿东支行
33.74010156,113.3456228,中国银行平顶山东区支行
33.72154312,118.6882345,中国银行泗阳城中支行
33.71228709,118.694658,中国银行泗阳支行营业部
33.69320465,116.7368993,中国银行濉溪支行营业部
33.6522851,116.980555,中国银行宿州分行营业部
33.63767725,116.9895622,中国银行宿州中区支行
33.63677239,116.9886924,中国银行灵璧支行营业部
33.63677239,116.9886924,中国银行宿州磬云南路支行
33.63249003,116.9876829,中国银行宿州凤池支行
33.60651274,119.0301864,中国银行淮安镇南支行
33.59962435,119.0344337,中国银行淮安分行中小企业业务中心
33.59962435,119.0344337,中国银行淮安分行财务管理部
33.59962435,119.0344337,中国银行淮安分行运营部
33.59962435,119.0344337,中国银行淮安分行公司业务部
33.59962435,119.0344337,中国银行淮安分行个人金融部
33.59962435,119.0344337,中国银行淮安分行风险管理部
33.5996241,119.034434,中国银行淮安分行营业部
33.59722155,114.0134231,中国银行漯河辽河路支行
33.51192234,119.1568037,中国银行淮安楚州支行业务发展部
33.51178605,119.1565514,中国银行淮安楚州支行营业部
33.51126688,116.2263392,中国银行涡阳支行营业部
33.48585376,118.2379273,中国银行泗洪富园新城支行
33.4849689,117.8937849,中国银行泗县支行营业部
33.48391611,119.807717,中国银行建湖支行营业部
33.46570206,118.2164362,中国银行泗洪支行营业部
33.45491683,114.893938,中国银行项城莲花大道支行
33.39092725,120.1532014,中国银行盐城分行营业部
33.38949863,120.1429932,中国银行盐城城中支行营业部
33.38695317,120.1526019,中国银行大丰人民路支行
33.37572906,120.1686889,中国银行盐城东风悦达起亚支行营业部
33.37214785,120.0763376,中国银行盐城亭湖支行营业部
33.35065916,120.1645571,中国银行盐城城南支行营业部
33.27377133,116.5636037,中国银行蒙城支行营业部
33.26418914,115.3753672,中国银行界首支行营业部
33.24290624,119.3274309,中国银行扬州宝应支行营业部
33.20049212,120.47014,中国银行大丰支行营业部
33.19434705,120.1198085,中国银行盐城大冈支行
33.16130748,115.6365577,中国银行太和支行营业部
33.14925516,116.2135431,中国银行利辛支行营业部
33.0942779,107.0637599,中国银行汉中紫柏路支行
33.08711503,107.0462508,中国银行汉中椰岛广场支行
33.07256497,115.2749431,中国银行临泉支行营业部
33.04659991,107.0339377,中国银行汉中大河坎支行
33.02939074,119.0269066,中国银行金湖支行营业部
33.0287938,119.0272259,中国银行金湖支行业务发展部
33.0232314,119.019403,中国银行金湖城西支行
33.01969353,112.5446215,中国银行南阳高新区支行
33.00846135,112.5315666,中国银行南阳工业路支行
33.00276062,118.521009,中国银行盱眙支行营业部
33.00275354,118.5198865,中国银行盱眙支行业务发展部
33.00092115,112.5564289,中国银行南阳仲景南路支行
32.98347831,112.5052311,中国银行南阳北京路支行
32.96268066,117.2090174,中国银行怀远支行
32.96244912,114.6468461,中国银行平舆支行
32.95725386,117.3837686,中国银行蚌埠治淮路支行
32.9516345,117.3991842,中国银行蚌埠凤阳路支行
32.94665798,117.369332,中国银行蚌埠分行营业部
32.94011357,117.3655475,中国银行蚌埠工农路支行
32.93978057,119.8476703,中国银行兴化支行营业部
32.93910245,119.8442958,中国银行兴化支行公司业务部
32.93910245,119.8442958,中国银行兴化支行业务管理部
32.93910245,119.8442958,中国银行兴化支行个人金融部
32.90526202,115.8310686,中国银行阜阳分行营业部
32.86379354,120.3262794,中国银行东台金海支行
32.8575184,120.3285408,中国银行东台支行营业部
32.78913711,119.455016,中国银行扬州高邮支行营业部
32.7851875,119.455268,中国银行高邮文游支行
32.78221654,117.9963838,中国银行明光支行营业部
32.69032832,119.0146555,中国银行天长支行营业部
32.67920291,120.4892021,中国银行东台富安支行
32.67741136,112.0946401,中国银行邓州邓襄路支行
32.65196612,117.0123023,中国银行淮南陈家岗支行
32.64796535,117.0365113,中国银行淮南淮舜支行
32.64567991,117.0243886,中国银行淮南分行营业部
32.63447761,116.274379,中国银行颍上支行营业部
32.62772787,116.9793197,中国银行淮南化三建支行
32.58253081,116.7898102,中国银行寿县支行营业部
32.54445961,120.4879283,中国银行海安支行业务管理部
32.54445961,120.4879283,中国银行海安支行个人金融部
32.54445961,120.4879283,中国银行海安支行公司业务部
32.54316532,120.4857373,中国银行海安支行营业部
32.53986642,119.7016662,中国银行江都新区支行
32.52932843,120.477458,中国银行海安金海国际支行
32.52645249,120.0908162,中国银行姜堰支行营业部
32.50878941,120.1543259,中国银行姜堰支行业务管理部
32.50878941,120.1543259,中国银行姜堰支行个人金融部
32.50878941,120.1543259,中国银行姜堰支行公司业务部
32.50627643,120.1724275,中国银行姜堰东海路支行
32.50246428,119.9466892,中国银行泰州南通路支行
32.5018831,120.1500797,中国银行姜堰花园路支行
32.49767879,119.919486,中国银行泰州分行营业部
32.49767779,119.9194839,中国银行泰州分行财务管理部
32.49767779,119.9194839,中国银行泰州分行国际结算部
32.49767779,119.9194839,中国银行泰州分行运营部
32.49767779,119.9194839,中国银行泰州分行中小企业业务中心
32.49767779,119.9194839,中国银行泰州分行风险管理部
32.49767779,119.9194839,中国银行泰州分行公司业务部
32.49767779,119.9194839,中国银行泰州分行个人金融部
32.48744274,119.8595271,中国银行泰州九龙支行
32.483172,119.9210076,中国银行泰州凤城支行
32.46570282,119.9263248,中国银行泰州海陵支行公司业务部
32.46570282,119.9263248,中国银行泰州海陵支行个人金融部
32.44033839,105.8502092,中国银行广元人民路支行
32.43603789,105.841731,中国银行广元郑州路支行
32.43239208,119.582913,中国银行扬州江都支行营业部
32.42077764,119.4170808,中国银行扬州瘦西湖支行
32.40383408,119.429056,中国银行扬州分行维扬支行营业部
32.40157508,119.469452,中国银行扬州分行广陵支行营业部
32.40133563,120.5811019,中国银行如皋东皋支行
32.40017175,119.436856,中国银行扬州分行营业部
32.39962708,119.415223,中国银行扬州分行国贸支行营业部
32.39494612,119.4047455,中国银行扬州分行邗江支行营业部
32.39082972,120.5745571,中国银行如皋支行营业部
32.3813042,120.5678968,中国银行如皋支行业务管理部
32.3813042,120.5678968,中国银行如皋支行个人金融部
32.3813042,120.5678968,中国银行如皋支行公司业务部
32.38119535,119.4174099,中国银行扬州分行开发区支行营业部
32.35488964,106.8381598,中国银行巴中南江支行
32.34880898,119.8867505,中国银行泰州刁铺支行
32.34693494,118.84959,中国银行南京六合支行营业部
32.33809007,116.2797469,中国银行霍邱支行营业部
32.33372656,117.635798,中国银行定远支行营业部
32.32359332,119.8848513,中国银行泰州高港支行营业部
32.32312543,119.8868442,中国银行泰州高港支行公司业务部
32.31452313,119.8913255,中国银行泰州惠裕支行
32.31371656,121.2014655,中国银行如东支行营业部
32.31371553,121.2014684,中国银行如东支行业务管理部
32.31371553,121.2014684,中国银行如东支行个人金融部
32.31371553,121.2014684,中国银行如东支行公司业务部
32.30526893,118.3172203,中国银行滁州分行营业部
32.29202845,119.1584571,中国银行仪征白沙路支行
32.27801106,119.189631,中国银行扬州仪征支行营业部
32.24911667,120.2420478,中国银行泰兴黄桥支行
32.24286653,119.8264116,中国银行扬中支行营业部
32.23736235,119.8388535,中国银行扬中城东支行
32.23585666,118.7694235,中国银行南京大厂支行
32.21897309,119.4233548,中国银行镇江金山支行
32.2133726,119.4590307,中国银行镇江解放中路支行
32.21088311,119.462618,中国银行镇江分行营业部
32.20895705,119.464207,中国银行镇江京口支行营业部
32.1977875,119.4872644,中国银行镇江学府路支行
32.19714846,119.428038,中国银行镇江润州支行营业部
32.193017,119.6742778,中国银行镇江大港支行营业部
32.17984268,119.5070817,中国银行镇江丁卯桥支行营业部
32.17188283,120.0238063,中国银行泰兴支行营业部
32.17177028,120.0239096,中国银行泰兴支行公司业务部
32.17177028,120.0239096,中国银行泰兴支行个人金融部
32.17177028,120.0239096,中国银行泰兴支行业务管理部
32.1382357,118.8643435,中国银行南京新港支行营业部
32.13778543,114.0736108,中国银行信阳北京路支行
32.12532075,114.0956678,中国银行信阳文化中心支行
32.11291675,118.8183142,中国银行南京迈皋桥支行
32.10764246,120.7504185,中国银行南通平潮支行
32.10483568,118.9247912,中国银行南京栖霞支行
32.09228745,112.2117203,中国银行襄阳襄州支行
32.09104492,118.7505376,中国银行南京下关支行营业部
32.0794234,121.0809368,中国银行南通通州支行营业部
32.07909965,121.0808528,中国银行南通通州支行个人金融部
32.07909965,121.0808528,中国银行南通通州支行业务管理部
32.07909965,121.0808528,中国银行南通通州支行公司业务部
32.07488893,118.7821313,中国银行南京湖南路支行
32.06728282,118.6383221,中国银行南京浦口支行理财中心
32.06728282,118.6383221,中国银行南京浦口支行综合管理部
32.06728282,118.6383221,中国银行南京浦口支行个人金融部
32.0658706,118.7763077,中国银行南京鼓楼支行营业部
32.06095055,118.6317166,中国银行南京浦口支行营业部
32.05242745,118.7951263,中国银行南京玄武支行营业部
32.04290645,118.7903526,中国银行江苏省分行营业部
32.03821962,118.7814554,中国银行南京城南支行营业部
32.0378469,118.7810201,中国银行南京城南支行个人金融部
32.0378469,118.7810201,中国银行南京城南支行综合管理部
32.03705005,120.8274378,中国银行南通港闸支行个人金融部
32.03705005,120.8274378,中国银行南通港闸支行公司业务部
32.03705002,120.827438,中国银行南通港闸支行营业部
32.02622377,121.3659188,中国银行海门余东支行
32.02197196,120.2787831,中国银行靖江支行营业部
32.02187419,120.2788038,中国银行靖江支行公司业务部
32.02187419,120.2788038,中国银行靖江支行业务管理部
32.02187419,120.2788038,中国银行靖江支行个人金融部
32.01991752,120.271613,中国银行靖江新港支行
32.01829384,120.2633591,中国银行靖江渔婆南路支行
32.01803374,118.8183529,中国银行南京大明路支行
32.01627106,120.8887088,中国银行南通城东支行公司业务部
32.01627106,120.8887088,中国银行南通城东支行个人金融部
32.01627101,120.888709,中国银行南通城东支行营业部
32.01602826,112.1360025,中国银行襄阳真武支行
32.01482007,121.2863973,中国银行海门四甲支行
32.01421448,119.8612668,中国银行常州小河支行
32.01200101,120.869068,中国银行南通崇川支行营业部
32.01200055,120.8690679,中国银行南通崇川支行公司业务部
32.01200055,120.8690679,中国银行南通崇川支行个人金融部
32.0112547,120.8718545,中国银行南通城南支行
32.00999718,120.8592507,中国银行南通分行风险管理部
32.00999718,120.8592507,中国银行南通分行国际结算部
32.00999718,120.8592507,中国银行南通分行公司业务部
32.00999718,120.8592507,中国银行南通分行银行卡部
32.00999718,120.8592507,中国银行南通分行授信执行部
32.00999718,120.8592507,中国银行南通分行中小企业业务中心
32.00999718,120.8592507,中国银行南通分行运营部
32.00999718,120.8592507,中国银行南通分行个人金融部
32.0099048,120.8568497,中国银行南通分行营业部
32.00640788,118.7364658,中国银行南京奥体支行
32.00571883,120.966146,中国银行南通先锋支行
32.00114227,119.6029787,中国银行丹阳开发区支行
31.9999557,120.883009,中国银行南通解放坝支行
31.99829632,119.5778041,中国银行丹阳支行营业部
31.9948011,120.8915691,中国银行南通鑫乾支行
31.9761992,120.9056199,中国银行南通中南世纪城支行
31.97611621,120.5569694,中国银行张家港大新支行
31.95513139,119.1777899,中国银行句容支行营业部
31.95472859,118.8522382,中国银行南京江宁支行综合管理部
31.95472859,118.8522382,中国银行南京江宁支行理财中心
31.95472859,118.8522382,中国银行南京江宁支行个人金融部
31.95471388,118.8522995,中国银行南京江宁支行营业部
31.95242667,104.9331493,中国银行江油西山支行
31.94189773,121.4385862,中国银行海门悦来支行
31.92902324,120.9375242,中国银行南通经济技术开发区支行营业部
31.92641387,120.9357232,中国银行南通经济技术开发区支行个人金融部
31.92641387,120.9357232,中国银行南通经济技术开发区支行公司业务部
31.91717824,117.9758467,中国银行全椒支行营业部
31.91218902,121.8384671,中国银行启东滨海园区支行
31.90997325,120.2843036,中国银行江阴支行营业部
31.90160921,117.334004,中国银行合肥站北支行
31.90030358,121.1811578,中国银行海门支行营业部
31.90019206,121.1811308,中国银行海门支行公司业务部
31.90019206,121.1811308,中国银行海门支行个人金融部
31.90019206,121.1811308,中国银行海门支行业务管理部
31.89795803,121.2578968,中国银行海门三厂支行
31.89018834,117.2865536,中国银行合肥北城支行营业部
31.87815634,117.2574883,中国银行合肥清溪路支行
31.867223,117.2853512,中国银行安徽省分行营业部
31.86603389,117.2871903,中国银行合肥桐城路支行
31.86416806,117.2935569,中国银行合肥四牌楼支行营业部
31.86065198,117.33859,中国银行合肥徽州路支行
31.85906867,117.2091728,中国银行合肥高新技术产业开发区支行营业部
31.85869179,113.3089908,中国银行随县支行
31.85806829,117.3107308,中国银行巢湖分行营业部
31.84560143,117.2734015,中国银行合肥南城支行营业部
31.84233441,117.3083233,中国银行合肥庐阳支行营业部
31.83379853,119.9935938,中国银行常州汉江路支行
31.83346875,117.2911018,中国银行合肥卫岗支行
31.83166795,119.9821233,中国银行常州新北支行营业部
31.81932453,120.6477921,中国银行张家港分行营业部
31.81775892,121.6602365,中国银行启东支行个人金融部
31.81775892,121.6602365,中国银行启东支行公司业务部
31.81775892,121.6602365,中国银行启东支行业务管理部
31.81775258,121.6601629,中国银行启东支行营业部
31.81063659,119.9054826,中国银行常州钟楼支行营业部
31.78944208,119.9900826,中国银行常州天宁支行营业部
31.78354502,119.9577118,中国银行常州延陵支行营业部
31.78006084,104.7485647,中国银行江油纪念碑支行
31.77851618,119.9700923,中国银行常州分行营业部
31.7716404,117.2376558,中国银行合肥经济技术开发区支行营业部
31.76421087,116.5517611,中国银行六安开发区支行
31.76239252,116.5129729,中国银行六安分行营业部
31.75508682,119.9817469,中国银行常州茶山支行
31.75350939,119.5786054,中国银行金坛丹阳门支行
31.75036091,110.6816307,中国银行神农架支行
31.74823917,119.6002892,中国银行金坛华城中路支行
31.74376905,118.8881078,中国银行南京禄口机场支行
31.73295316,116.5155991,中国银行六安佛子岭路支行
31.72792796,120.070289,中国银行常州戚墅堰支行营业部
31.72604784,118.1156655,中国银行含山支行营业部
31.72591318,115.946168,中国银行金寨金顾路支行
31.72416408,118.3721637,中国银行和县支行营业部
31.72305418,119.5150384,中国银行金坛支行营业部
31.71977644,119.9660388,中国银行常州武进支行营业部
31.71804582,119.9923182,中国银行常州马杭支行
31.71150677,113.3805487,中国银行随州曾都支行
31.70451295,118.521086,中国银行马鞍山东源支行
31.68771844,115.8866182,中国银行金寨支行营业部
31.68398126,118.5159998,中国银行马鞍山分行营业部
31.68181351,120.3032597,中国银行无锡惠山支行营业部
31.68154477,119.0333018,中国银行溧水开发区支行
31.66548,120.7610554,中国银行常熟支行营业部
31.66268649,121.1154468,中国银行太仓璜泾支行
31.65356618,119.0311746,中国银行溧水支行业务发展部
31.64047415,120.7870513,中国银行常熟富春江路支行
31.62299268,114.0108441,中国银行广水武胜支行
31.61333167,117.8894911,中国银行巢湖振巢支行
31.60071643,120.7275242,中国银行常熟莫城支行
31.59696306,119.0399271,中国银行溧水支行营业部
31.59696306,119.0399271,中国银行溧水状元坊支行
31.59612046,119.9637085,中国银行常州前黄支行
31.59595583,120.3672617,中国银行无锡东亭支行
31.59294392,120.3023555,中国银行无锡北塘支行营业部
31.59137725,120.3622362,中国银行无锡锡山支行营业部
31.58911374,120.3332941,中国银行无锡靖海支行
31.58595966,120.2948442,中国银行无锡香榭丽支行
31.58041761,120.3069902,中国银行无锡分行公司业务部
31.58041761,120.3069902,中国银行无锡分行授信执行部
31.58041761,120.3069902,中国银行无锡分行银行卡部
31.58041761,120.3069902,中国银行无锡分行财务管理部
31.58041761,120.3069902,中国银行无锡分行风险管理部
31.58041761,120.3069902,中国银行无锡分行个人金融部
31.58041761,120.3069902,中国银行无锡分行私人银行中心
31.58041761,120.3069902,中国银行无锡分行法律合规部
31.58041761,120.3069902,中国银行无锡分行国际结算部
31.58041761,120.3069902,中国银行无锡分行运营部
31.58041761,120.3069902,中国银行无锡分行中小企业业务中心
31.58038259,120.3068282,中国银行无锡分行营业部
31.57004084,120.3252823,中国银行无锡南苑支行
31.56825795,120.2867881,中国银行无锡滨湖支行营业部
31.56760962,120.2868172,中国银行无锡滨湖支行公司业务部
31.5627664,121.2651715,中国银行太仓港区支行
31.56020384,118.495233,中国银行当涂支行营业部
31.54768353,120.3614035,中国银行无锡高新技术产业开发区支行营业部
31.54595492,120.327126,中国银行无锡南长支行营业部
31.52762014,120.0569151,中国银行常州潘家支行
31.49787935,120.7394362,中国银行苏州阳澄湖支行
31.48693744,104.7026183,中国银行绵阳科创园支行
31.48644764,120.3565077,中国银行无锡华庄支行
31.48142284,120.3912399,中国银行无锡太科园支行
31.46915295,104.7818425,中国银行绵阳东津路支行
31.46771896,116.9512576,中国银行舒城支行营业部
31.45967944,121.1299236,中国银行太仓新区支行
31.45919981,104.7196156,中国银行绵阳丽景花城支行
31.44818292,118.365248,中国银行芜湖四褐山支行
31.43103938,119.4977103,中国银行溧阳支行营业部
31.42652049,119.4891391,中国银行溧阳燕山南村支行
31.42345906,119.4956264,中国银行溧阳文化新村支行
31.41775902,119.4988291,中国银行溧阳县前支行
31.41620687,119.4819558,中国银行溧阳天目支行
31.4149559,120.9583347,中国银行昆山城北支行
31.40925989,116.337524,中国银行霍山支行营业部
31.4033239,121.4897246,中国银行上海市宝山支行营业部
31.39373543,121.2836389,中国银行上海市方舟支行
31.3921791,119.8144193,中国银行宜兴常福桥支行
31.39130317,121.2589711,中国银行上海市博乐路支行
31.38967036,120.978621,中国银行昆山分行营业部
31.38771689,120.963784,中国银行昆山鹿城支行
31.38577201,120.9400329,中国银行昆山高新技术产业开发区支行
31.38455407,121.2538652,中国银行上海市嘉定支行营业部
31.37823247,120.9642345,中国银行昆山三角塔支行
31.37786568,120.8669231,中国银行昆山正仪支行
31.37769738,120.6383471,中国银行苏州相城支行营业部
31.37680828,119.8232313,中国银行宜兴支行营业部
31.37434177,118.3808857,中国银行芜湖银湖中路支行
31.36503781,119.8448802,中国银行宜兴阳羡支行
31.35642322,121.394735,中国银行上海市顾北路支行
31.35632276,118.3709934,中国银行芜湖团结西路支行
31.34980287,105.9235138,中国银行南部金葫路支行
31.34923521,121.5806382,中国银行上海市高桥支行
31.34409897,118.3864099,中国银行芜湖分行营业部
31.34142837,120.6122841,中国银行苏州平江新城支行
31.32922159,118.8818482,中国银行高淳支行营业部
31.32806263,118.8773049,中国银行高淳支行业务发展部
31.32694907,120.6544268,中国银行苏州东环路支行
31.32514061,121.5452576,中国银行上海市包头路支行
31.32307473,120.5879934,中国银行苏州西园路支行
31.321843,120.6793288,中国银行苏州工业园区支行营业部
31.32151678,121.5277586,中国银行上海市国和路支行
31.31898565,120.7406471,中国银行苏州新街口支行
31.31412168,120.6335745,中国银行苏州小公园支行
31.31222906,120.6230967,中国银行苏州分行营业部
31.31012769,120.610921,中国银行苏州金阊支行营业部
31.31009514,118.41102,中国银行芜湖利民东路支行
31.30760164,120.585481,中国银行苏州三元支行
31.30740164,117.924131,中国银行无为支行营业部
31.3061847,120.6114525,中国银行苏州三香路支行
31.30617392,121.5197421,中国银行上海市五角场支行
31.30060096,121.5420839,中国银行上海市佳木斯路支行
31.29898901,120.570281,中国银行苏州高新技术产业开发区支行营业部
31.2986778,120.6336769,中国银行苏州沧浪支行营业部
31.2979027,120.6432602,中国银行苏州南园支行
31.29550088,121.315522,中国银行上海市南翔支行
31.28053929,120.8657269,中国银行苏州甪直支行
31.27750369,120.6346497,中国银行苏州吴中支行营业部
31.27322061,121.0128274,中国银行昆山千灯支行
31.26878122,121.5102489,中国银行上海市飞虹路支行
31.26714792,121.5398701,中国银行上海市杨浦支行营业部
31.26575536,121.5068137,中国银行上海市瑞虹新城支行
31.25937207,121.490258,中国银行上海市虹口支行营业部
31.25261092,121.5997984,中国银行上海市浦东开发区支行营业部
31.25176794,121.5600648,中国银行上海市洋泾支行
31.25040755,121.4472407,中国银行上海市长寿路支行
31.24876832,117.2993348,中国银行庐江支行营业部
31.24562035,121.4205174,中国银行上海市兰溪路支行
31.24519043,121.4964077,中国银行上海市分行营业部
31.24412578,121.5099488,中国银行上海市中银大厦支行营业部
31.24036687,121.4371561,中国银行上海市普陀支行营业部
31.23590758,121.5706697,中国银行上海市丁香路支行
31.23491497,121.5297669,中国银行上海市浦东分行营业二部
31.23194259,121.5416838,中国银行上海市期货大厦支行
31.23034501,121.4567754,中国银行上海市静安支行营业部
31.22951438,121.481415,中国银行上海市淮海中路第二支行
31.22841383,117.3358764,中国银行庐江长江路支行
31.2279079,121.451169,中国银行上海市会德丰广场支行
31.22687505,121.5098497,中国银行上海市黄浦支行营业部
31.22537276,121.443074,中国银行上海市镇宁路支行
31.22521906,121.3614867,中国银行上海市虹桥临空经济园区支行
31.22349972,107.4698957,中国银行达州国际新城支行
31.22236681,107.5118468,中国银行达州通川北路支行
31.21982852,121.4692079,中国银行上海市卢湾支行营业部
31.21758557,121.5319235,中国银行上海市兰村路支行
31.21736361,121.5677799,中国银行上海市芳甸路支行
31.21683977,121.5934857,中国银行上海市张江高科技园区支行
31.21577073,121.4357199,中国银行上海市番禺路支行
31.21110907,107.466839,中国银行达州朝阳西路支行
31.20974733,121.4147524,中国银行上海市长宁支行营业部
31.20815336,121.4108298,中国银行上海市国贸中心支行
31.19970396,121.4375497,中国银行上海市徐汇支行营业部
31.19906153,121.4793381,中国银行上海市龙华东路支行
31.18411636,121.4515621,中国银行上海市徐汇苑支行
31.18265656,121.3937589,中国银行上海市吴中路支行
31.17980514,104.4152585,中国银行德阳峨眉山南路支行
31.17072073,108.4038483,中国银行重庆开州支行
31.16639548,120.6512561,中国银行吴江分行营业部
31.16288439,121.4071589,中国银行上海市古美路支行
31.15995657,121.3471636,中国银行上海市中春路支行
31.15247178,121.1200206,中国银行上海市青浦支行营业部
31.15140361,118.5776083,中国银行湾沚支行营业部
31.12140255,121.5842329,中国银行上海市南汇支行营业部
31.11969285,121.275413,中国银行上海市泗泾支行
31.11738408,118.0240418,中国银行繁昌荻港支行
31.11107129,121.3819594,中国银行上海市闵行支行营业部
31.09169042,105.0934108,中国银行三台老西街支行
31.08689662,118.204444,中国银行繁昌支行营业部
31.0860544,109.8886943,中国银行重庆巫山净坛路支行
31.05675316,112.2126626,中国银行荆门泉口路支行
31.05432218,104.6816145,中国银行中江凯丰北路支行
31.04852685,116.9591357,中国银行桐城支行营业部
31.04538384,121.4755606,中国银行上海市吴泾支行
31.03855339,112.2143363,中国银行荆门北门支行
31.02392523,121.4374395,中国银行上海市上海交通大学支行
31.0195387,119.9109883,中国银行长兴金陵北路支行
31.01286914,121.2398986,中国银行上海市松江支行营业部
30.98077149,103.6374304,中国银行彭州南大街支行
30.96617213,104.2875071,中国银行广汉广东路支行
30.94665085,118.766165,中国银行宣城分行营业部
30.94092969,117.8194287,中国银行铜陵太阳历广场支行
30.94020369,117.8284963,中国银行铜陵分行营业部
30.93859285,113.9467037,中国银行孝感北京路支行
30.93114685,111.2989668,中国银行张家口分行营业部
30.92916988,117.811483,中国银行铜陵网络大厦支行
30.92555398,118.3383698,中国银行南陵支行营业部
30.92516985,113.92967,中国银行孝感孝南支行
30.91751885,121.467011,中国银行上海市奉贤支行营业部
30.90474389,119.4189782,中国银行广德支行营业部
30.88594258,120.0996118,中国银行湖州青塘路支行
30.88435366,105.3913916,中国银行射洪太和大道北段支行
30.88230506,120.0955865,中国银行湖州凤凰路支行
30.88088591,119.4310226,中国银行广德政务区支行
30.87787465,104.0244954,中国银行新都新繁支行
30.87679623,120.4316887,中国银行南浔区支行营业部
30.87146631,106.1923729,中国银行南充龙门支行
30.87104466,120.1185438,中国银行湖州吉山支行
30.86419665,120.2698883,中国银行湖州吴兴支行营业部
30.86184692,104.4401974,中国银行金堂南滨支行
30.8602985,117.3857348,中国银行枞阳支行营业部
30.84345943,120.5380379,中国银行苏州姑苏支行营业部
30.8306155,108.3988777,中国银行重庆万州北山支行
30.82626485,104.188938,中国银行新都石油大学支行
30.82235795,106.1047953,中国银行南充北干道支行
30.81783378,104.1637492,中国银行新都博海路支行